Workbook

Sheet Raw
A1: assessment_id | B1: month | C1: course_id | D1: batch | E1: score | F1: attendance_pct
A2: 1 | B2: Jan | C2: C1 | D2: Morning | E2: 72 | F2: 90
A3: 2 | B3: Jan | C3: C2 | D3: Evening | E3: 45 | F3: 70
A4: 3 | B4: Jan | C4: C3 | D4: Morning | E4: 65 | F4: 85
A5: 4 | B5: Jan | C5: C4 | D5: Weekend | E5: 38 | F5: 60
A6: 5 | B6: Feb | C6: C1 | D6: Evening | E6: 80 | F6: 95
A7: 6 | B7: Feb | C7: C2 | D7: Weekend | E7: 55 | F7: 80
A8: 7 | B8: Feb | C8: C3 | D8: Morning | E8: 48 | F8: 75
A9: 8 | B9: Feb | C9: C4 | D9: Evening | E9: 68 | F9: 88
A10: 9 | B10: Mar | C10: C1 | D10: Weekend | E10: 90 | F10: 98
A11: 10 | B11: Mar | C11: C2 | D11: Morning | E11: 60 | F11: 82
A12: 11 | B12: Mar | C12: C3 | D12: Evening | E12: 75 | F12: 92
A13: 12 | B13: Mar | C13: C4 | D13: Weekend | E13: 42 | F13: 65
A14: 12 | B14: Mar | C14: C4 | D14: Weekend | E14: 42 | F14: 65

Sheet Lookup
A1: course_id | B1: course | C1: department
A2: C1 | B2: Excel | C2: Business
A3: C2 | B3: PowerBI | C3: Business
A4: C3 | B4: SQL | C4: Technology
A5: C4 | B5: Python | C5: Technology

Sheet Clean
A1: Removing Duplicate
A3: assessment_id | B3: month | C3: course_id | D3: batch | E3: score | F3: attendance_pct | G3: Department | H3: Pass_Flag
A4: 1 | B4: Jan | C4: C1 | D4: Morning | E4: 72 | F4: 90 | G4: =_xlfn.XLOOKUP(C4,Lookup!$A$2:$A$5,Lookup!$C$2:$C$5) -> Business | H4: =IF(E4>=50,1,0) -> 1
A5: 2 | B5: Jan | C5: C2 | D5: Evening | E5: 45 | F5: 70 | G5: =_xlfn.XLOOKUP(C5,Lookup!$A$2:$A$5,Lookup!$C$2:$C$5) -> Business | H5: =IF(E5>=50,1,0) -> 0
A6: 3 | B6: Jan | C6: C3 | D6: Morning | E6: 65 | F6: 85 | G6: =_xlfn.XLOOKUP(C6,Lookup!$A$2:$A$5,Lookup!$C$2:$C$5) -> Technology | H6: =IF(E6>=50,1,0) -> 1
A7: 4 | B7: Jan | C7: C4 | D7: Weekend | E7: 38 | F7: 60 | G7: =_xlfn.XLOOKUP(C7,Lookup!$A$2:$A$5,Lookup!$C$2:$C$5) -> Technology | H7: =IF(E7>=50,1,0) -> 0
A8: 5 | B8: Feb | C8: C1 | D8: Evening | E8: 80 | F8: 95 | G8: =_xlfn.XLOOKUP(C8,Lookup!$A$2:$A$5,Lookup!$C$2:$C$5) -> Business | H8: =IF(E8>=50,1,0) -> 1
A9: 6 | B9: Feb | C9: C2 | D9: Weekend | E9: 55 | F9: 80 | G9: =_xlfn.XLOOKUP(C9,Lookup!$A$2:$A$5,Lookup!$C$2:$C$5) -> Business | H9: =IF(E9>=50,1,0) -> 1
A10: 7 | B10: Feb | C10: C3 | D10: Morning | E10: 48 | F10: 75 | G10: =_xlfn.XLOOKUP(C10,Lookup!$A$2:$A$5,Lookup!$C$2:$C$5) -> Technology | H10: =IF(E10>=50,1,0) -> 0
A11: 8 | B11: Feb | C11: C4 | D11: Evening | E11: 68 | F11: 88 | G11: =_xlfn.XLOOKUP(C11,Lookup!$A$2:$A$5,Lookup!$C$2:$C$5) -> Technology | H11: =IF(E11>=50,1,0) -> 1
A12: 9 | B12: Mar | C12: C1 | D12: Weekend | E12: 90 | F12: 98 | G12: =_xlfn.XLOOKUP(C12,Lookup!$A$2:$A$5,Lookup!$C$2:$C$5) -> Business | H12: =IF(E12>=50,1,0) -> 1
A13: 10 | B13: Mar | C13: C2 | D13: Morning | E13: 60 | F13: 82 | G13: =_xlfn.XLOOKUP(C13,Lookup!$A$2:$A$5,Lookup!$C$2:$C$5) -> Business | H13: =IF(E13>=50,1,0) -> 1
A14: 11 | B14: Mar | C14: C3 | D14: Evening | E14: 75 | F14: 92 | G14: =_xlfn.XLOOKUP(C14,Lookup!$A$2:$A$5,Lookup!$C$2:$C$5) -> Technology | H14: =IF(E14>=50,1,0) -> 1
A15: 12 | B15: Mar | C15: C4 | D15: Weekend | E15: 42 | F15: 65 | G15: =_xlfn.XLOOKUP(C15,Lookup!$A$2:$A$5,Lookup!$C$2:$C$5) -> Technology | H15: =IF(E15>=50,1,0) -> 0
A16: 12 | B16: Mar | C16: C4 | D16: Weekend | E16: 42 | F16: 65
A18: assessment_id | B18: month | C18: course_id | D18: batch | E18: score | F18: attendance_pct
A19: 1 | B19: Jan | C19: C1 | D19: Morning | E19: 72 | F19: 90
A20: 2 | B20: Jan | C20: C2 | D20: Evening | E20: 45 | F20: 70
A21: 3 | B21: Jan | C21: C3 | D21: Morning | E21: 65 | F21: 85
A22: 4 | B22: Jan | C22: C4 | D22: Weekend | E22: 38 | F22: 60
A23: 5 | B23: Feb | C23: C1 | D23: Evening | E23: 80 | F23: 95
A24: 6 | B24: Feb | C24: C2 | D24: Weekend | E24: 55 | F24: 80
A25: 7 | B25: Feb | C25: C3 | D25: Morning | E25: 48 | F25: 75
A26: 8 | B26: Feb | C26: C4 | D26: Evening | E26: 68 | F26: 88
A27: 9 | B27: Mar | C27: C1 | D27: Weekend | E27: 90 | F27: 98
A28: 10 | B28: Mar | C28: C2 | D28: Morning | E28: 60 | F28: 82
A29: 11 | B29: Mar | C29: C3 | D29: Evening | E29: 75 | F29: 92
A30: 12 | B30: Mar | C30: C4 | D30: Weekend | E30: 42 | F30: 65

Sheet Summary
A3: Batch | B3: Passing Assessments | D3: Average of score | E3: Column Labels
A4: Morning | B4: =COUNTIFS(Clean!$D$4:$D$15,A4,Clean!$H$4:$H$15,1) -> 3 | D4: Row Labels | E4: Jan | F4: Feb | G4: Mar | H4: Grand Total
A5: Evening | B5: =COUNTIFS(Clean!$D$4:$D$15,A5,Clean!$H$4:$H$15,1) -> 3 | D5: Business | E5: 58.5 | F5: 67.5 | G5: 75 | H5: 67
A6: Weekend | B6: =COUNTIFS(Clean!$D$4:$D$15,A6,Clean!$H$4:$H$15,1) -> 2 | D6: Technology | E6: 51.5 | F6: 58 | G6: 58.5 | H6: 56
D7: Grand Total | E7: 55 | F7: 62.75 | G7: 66.75 | H7: 61.5
